<?xml version="1.0" encoding="UTF-8"?><module codename="com.whitesheep.platform.branding">
    <module_version install_time="1440666511554" last="true" origin="installer" specification_version="1.0">
        <file crc="1219656152" name="config/Modules/com-whitesheep-platform-branding.xml"/>
        <file crc="2321276475" name="core/locale/core_platform.jar"/>
        <file crc="1915278819" name="modules/com-whitesheep-platform-branding.jar"/>
        <file crc="3871424403" name="modules/locale/org-netbeans-core-windows_platform.jar"/>
        <file crc="213188697" name="modules/locale/org-netbeans-core_platform.jar"/>
        <file crc="292521982" name="update_tracking/com-whitesheep-platform-branding.xml"/>
    </module_version>
</module>
