<?xml version="1.0" encoding="UTF-8"?><module codename="org.openide.util.enumerations">
    <module_version install_time="1440666511053" last="true" origin="installer" specification_version="6.29.1">
        <file crc="4290833959" name="config/Modules/org-openide-util-enumerations.xml"/>
        <file crc="2686216808" name="modules/locale/org-openide-util-enumerations_ja.jar"/>
        <file crc="4070455540" name="modules/locale/org-openide-util-enumerations_pt_BR.jar"/>
        <file crc="1617472002" name="modules/locale/org-openide-util-enumerations_ru.jar"/>
        <file crc="1200921192" name="modules/locale/org-openide-util-enumerations_zh_CN.jar"/>
        <file crc="2465703178" name="modules/org-openide-util-enumerations.jar"/>
    </module_version>
</module>
