<?xml version="1.0" encoding="UTF-8"?><module codename="org.openide.modules">
    <module_version install_time="1440666511127" last="true" origin="installer" specification_version="7.42.1">
        <file crc="1391508081" name="config/ModuleAutoDeps/org-openide-modules.xml"/>
        <file crc="2593521767" name="lib/locale/org-openide-modules_ja.jar"/>
        <file crc="2923361857" name="lib/locale/org-openide-modules_pt_BR.jar"/>
        <file crc="3964718782" name="lib/locale/org-openide-modules_ru.jar"/>
        <file crc="1259886720" name="lib/locale/org-openide-modules_zh_CN.jar"/>
        <file crc="2938787668" name="lib/org-openide-modules.jar"/>
    </module_version>
</module>
