<?xml version="1.0" encoding="UTF-8"?><module codename="org.netbeans.modules.keyring.impl">
    <module_version install_time="1440666509456" last="true" origin="installer" specification_version="1.18.1">
        <file crc="729697579" name="config/Modules/org-netbeans-modules-keyring-impl.xml"/>
        <file crc="3930312266" name="modules/locale/org-netbeans-modules-keyring-impl_ja.jar"/>
        <file crc="2529042567" name="modules/locale/org-netbeans-modules-keyring-impl_pt_BR.jar"/>
        <file crc="3236943587" name="modules/locale/org-netbeans-modules-keyring-impl_ru.jar"/>
        <file crc="2923915834" name="modules/locale/org-netbeans-modules-keyring-impl_zh_CN.jar"/>
        <file crc="4251567167" name="modules/org-netbeans-modules-keyring-impl.jar"/>
    </module_version>
</module>
