<?xml version="1.0" encoding="UTF-8"?><module codename="org.netbeans.modules.keyring.fallback">
    <module_version install_time="1437143813703" last="true" origin="installer" specification_version="1.3.1">
        <file crc="1307470414" name="config/Modules/org-netbeans-modules-keyring-fallback.xml"/>
        <file crc="1504401242" name="modules/locale/org-netbeans-modules-keyring-fallback_ja.jar"/>
        <file crc="458976160" name="modules/locale/org-netbeans-modules-keyring-fallback_pt_BR.jar"/>
        <file crc="845152784" name="modules/locale/org-netbeans-modules-keyring-fallback_ru.jar"/>
        <file crc="2821209924" name="modules/locale/org-netbeans-modules-keyring-fallback_zh_CN.jar"/>
        <file crc="2671060656" name="modules/org-netbeans-modules-keyring-fallback.jar"/>
    </module_version>
</module>
