<?xml version="1.0" encoding="UTF-8"?><module codename="org.openide.io">
    <module_version install_time="1440666510624" last="true" origin="installer" specification_version="1.44.1">
        <file crc="3834804485" name="config/Modules/org-openide-io.xml"/>
        <file crc="1929549050" name="modules/locale/org-openide-io_ja.jar"/>
        <file crc="1229239554" name="modules/locale/org-openide-io_pt_BR.jar"/>
        <file crc="3161040360" name="modules/locale/org-openide-io_ru.jar"/>
        <file crc="1963632184" name="modules/locale/org-openide-io_zh_CN.jar"/>
        <file crc="429709740" name="modules/org-openide-io.jar"/>
    </module_version>
</module>
