<?xml version="1.0" encoding="UTF-8"?><module codename="org.netbeans.libs.jsr223/1">
    <module_version install_time="1440666508449" last="true" origin="installer" specification_version="1.31.1">
        <file crc="1051087422" name="config/Modules/org-netbeans-libs-jsr223.xml"/>
        <file crc="2681231387" name="modules/locale/org-netbeans-libs-jsr223_ja.jar"/>
        <file crc="1535127605" name="modules/locale/org-netbeans-libs-jsr223_pt_BR.jar"/>
        <file crc="656555766" name="modules/locale/org-netbeans-libs-jsr223_ru.jar"/>
        <file crc="941485745" name="modules/locale/org-netbeans-libs-jsr223_zh_CN.jar"/>
        <file crc="2249736730" name="modules/org-netbeans-libs-jsr223.jar"/>
    </module_version>
</module>
