<?xml version="1.0" encoding="UTF-8"?><module codename="org.netbeans.modules.applemenu/1">
    <module_version install_time="1437143813216" last="true" origin="installer" specification_version="1.32.1">
        <file crc="2121659589" name="config/Modules/org-netbeans-modules-applemenu.xml"/>
        <file crc="429340894" name="modules/locale/org-netbeans-modules-applemenu_ja.jar"/>
        <file crc="2978434104" name="modules/locale/org-netbeans-modules-applemenu_pt_BR.jar"/>
        <file crc="1525331380" name="modules/locale/org-netbeans-modules-applemenu_ru.jar"/>
        <file crc="518019364" name="modules/locale/org-netbeans-modules-applemenu_zh_CN.jar"/>
        <file crc="3973808841" name="modules/org-netbeans-modules-applemenu.jar"/>
    </module_version>
</module>
