<?xml version="1.0" encoding="UTF-8"?><module codename="org.netbeans.core.windows/2">
    <module_version install_time="1440666507537" last="true" origin="installer" specification_version="2.75.1">
        <file crc="1059846727" name="config/Modules/org-netbeans-core-windows.xml"/>
        <file crc="3630322198" name="modules/locale/org-netbeans-core-windows_ja.jar"/>
        <file crc="3568813197" name="modules/locale/org-netbeans-core-windows_pt_BR.jar"/>
        <file crc="4067400297" name="modules/locale/org-netbeans-core-windows_ru.jar"/>
        <file crc="810957358" name="modules/locale/org-netbeans-core-windows_zh_CN.jar"/>
        <file crc="1061730909" name="modules/org-netbeans-core-windows.jar"/>
    </module_version>
</module>
