<?xml version="1.0" encoding="UTF-8"?><module codename="org.netbeans.libs.osgi">
    <module_version install_time="1440666508625" last="true" origin="installer" specification_version="1.17.1">
        <file crc="3882420389" name="config/Modules/org-netbeans-libs-osgi.xml"/>
        <file crc="56499613" name="modules/ext/osgi.cmpn-4.2.jar"/>
        <file crc="3507308770" name="modules/ext/osgi.core-5.0.0.jar"/>
        <file crc="3582005103" name="modules/locale/org-netbeans-libs-osgi_ja.jar"/>
        <file crc="453921902" name="modules/locale/org-netbeans-libs-osgi_pt_BR.jar"/>
        <file crc="1596709060" name="modules/locale/org-netbeans-libs-osgi_ru.jar"/>
        <file crc="2561486664" name="modules/locale/org-netbeans-libs-osgi_zh_CN.jar"/>
        <file crc="3106188020" name="modules/org-netbeans-libs-osgi.jar"/>
    </module_version>
</module>
