<?xml version="1.0" encoding="UTF-8"?><module codename="org.netbeans.modules.autoupdate.services">
    <module_version install_time="1440666509041" last="true" origin="installer" specification_version="1.45.1">
        <file crc="83784818" name="config/Modules/org-netbeans-modules-autoupdate-services.xml"/>
        <file crc="1050931061" name="modules/ext/locale/updater_ja.jar"/>
        <file crc="1176032014" name="modules/ext/locale/updater_pt_BR.jar"/>
        <file crc="3447140703" name="modules/ext/locale/updater_ru.jar"/>
        <file crc="183447416" name="modules/ext/locale/updater_zh_CN.jar"/>
        <file crc="1469144168" name="modules/ext/updater.jar"/>
        <file crc="1572356469" name="modules/locale/org-netbeans-modules-autoupdate-services_ja.jar"/>
        <file crc="1301431817" name="modules/locale/org-netbeans-modules-autoupdate-services_pt_BR.jar"/>
        <file crc="784359695" name="modules/locale/org-netbeans-modules-autoupdate-services_ru.jar"/>
        <file crc="2916741668" name="modules/locale/org-netbeans-modules-autoupdate-services_zh_CN.jar"/>
        <file crc="1995734066" name="modules/org-netbeans-modules-autoupdate-services.jar"/>
    </module_version>
</module>
