<?xml version="1.0" encoding="UTF-8"?><module codename="org.openide.explorer">
    <module_version install_time="1437143815968" last="true" origin="installer" specification_version="6.56.1">
        <file crc="4044847399" name="config/ModuleAutoDeps/org-openide-explorer.xml"/>
        <file crc="3046209104" name="config/Modules/org-openide-explorer.xml"/>
        <file crc="2701202351" name="modules/locale/org-openide-explorer_ja.jar"/>
        <file crc="3307889732" name="modules/locale/org-openide-explorer_pt_BR.jar"/>
        <file crc="1674343629" name="modules/locale/org-openide-explorer_ru.jar"/>
        <file crc="4245726446" name="modules/locale/org-openide-explorer_zh_CN.jar"/>
        <file crc="1404327512" name="modules/org-openide-explorer.jar"/>
    </module_version>
</module>
