<?xml version="1.0" encoding="UTF-8"?><module codename="org.openide.dialogs">
    <module_version install_time="1440666511185" last="true" origin="installer" specification_version="7.36.1">
        <file crc="807629635" name="config/Modules/org-openide-dialogs.xml"/>
        <file crc="2775567477" name="modules/locale/org-openide-dialogs_ja.jar"/>
        <file crc="4106926470" name="modules/locale/org-openide-dialogs_pt_BR.jar"/>
        <file crc="2959067857" name="modules/locale/org-openide-dialogs_ru.jar"/>
        <file crc="3272624966" name="modules/locale/org-openide-dialogs_zh_CN.jar"/>
        <file crc="3145711133" name="modules/org-openide-dialogs.jar"/>
    </module_version>
</module>
